Designator,Footprint,Mid X,Mid Y,Layer,Rotation,Comment
,,,,,,
C1,0402-CAP,-1.00mm,-1.00mm,T,-90,0.1u
C2,0402-CAP,-3.22mm,-5.60mm,T,-90,0.1u
C3,0402-CAP,4.24mm,-8.94mm,T,-90,0.1u
C4,0402-CAP,203.15mm,-15.13mm,T,-90,0.1u
C15,0402,3.76mm,23.29mm,T,270,0.1u
C16,0402,-1.16mm,15.67mm,T,180,0.1u
C17,0402,4.56mm,12.97mm,T,180,0.1u
C18,0402,0.27mm,4.56mm,T,270,0.1u
C19,0402,3.45mm,3.92mm,T,180,47n
C20,0402,-1.16mm,14.40mm,T,180,47n
C26,0402,130.76mm,23.29mm,T,270,0.1u
C27,0402,125.84mm,15.67mm,T,180,0.1u
C28,0402,131.56mm,12.97mm,T,180,0.1u
C29,0402,127.27mm,4.56mm,T,270,0.1u
C30,0402,130.44mm,3.92mm,T,180,47n
C31,0402,125.84mm,14.40mm,T,180,47n
C37,0402,16.46mm,23.29mm,T,270,0.1u
C38,0402,11.54mm,15.67mm,T,180,0.1u
C39,0402,17.26mm,12.97mm,T,180,0.1u
C40,0402,12.97mm,4.56mm,T,270,0.1u
C41,0402,16.14mm,3.92mm,T,180,47n
C42,0402,11.54mm,14.40mm,T,180,47n
C59,0402,29.16mm,23.29mm,T,270,0.1u
C60,0402,24.24mm,15.67mm,T,180,0.1u
C61,0402,29.96mm,12.97mm,T,180,0.1u
C62,0402,25.67mm,4.56mm,T,270,0.1u
C63,0402,28.85mm,3.92mm,T,180,47n
C64,0402,24.24mm,14.40mm,T,180,47n
C70,0402,143.46mm,23.29mm,T,270,0.1u
C71,0402,138.54mm,15.67mm,T,180,0.1u
C72,0402,144.26mm,12.97mm,T,180,0.1u
C73,0402,139.97mm,4.56mm,T,270,0.1u
C74,0402,143.15mm,3.92mm,T,180,47n
C75,0402,138.54mm,14.40mm,T,180,47n
C81,0402,41.86mm,23.29mm,T,270,0.1u
C82,0402,36.94mm,15.67mm,T,180,0.1u
C83,0402,42.66mm,12.97mm,T,180,0.1u
C84,0402,38.37mm,4.56mm,T,270,0.1u
C85,0402,41.55mm,3.92mm,T,180,47n
C86,0402,36.94mm,14.40mm,T,180,47n
C92,0402,168.86mm,23.29mm,T,270,0.1u
C93,0402,163.94mm,15.67mm,T,180,0.1u
C94,0402,169.66mm,12.97mm,T,180,0.1u
C95,0402,165.37mm,4.56mm,T,270,0.1u
C96,0402,168.55mm,3.92mm,T,180,47n
C97,0402,163.94mm,14.40mm,T,180,47n
C103,0402,54.56mm,23.29mm,T,270,0.1u
C104,0402,49.64mm,15.67mm,T,180,0.1u
C105,0402,55.36mm,12.97mm,T,180,0.1u
C106,0402,51.07mm,4.56mm,T,270,0.1u
C107,0402,54.25mm,3.92mm,T,180,47n
C108,0402,49.64mm,14.40mm,T,180,47n
C114,0402,156.16mm,23.29mm,T,270,0.1u
C115,0402,151.24mm,15.67mm,T,180,0.1u
C116,0402,156.96mm,12.97mm,T,180,0.1u
C117,0402,152.67mm,4.56mm,T,270,0.1u
C118,0402,155.85mm,3.92mm,T,180,47n
C119,0402,151.24mm,14.40mm,T,180,47n
C125,0402,67.26mm,23.29mm,T,270,0.1u
C126,0402,62.34mm,15.67mm,T,180,0.1u
C127,0402,68.06mm,12.97mm,T,180,0.1u
C128,0402,63.77mm,4.56mm,T,270,0.1u
C129,0402,66.95mm,3.92mm,T,180,47n
C130,0402,62.34mm,14.40mm,T,180,47n
C147,0402,79.96mm,23.29mm,T,270,0.1u
C148,0402,75.04mm,15.67mm,T,180,0.1u
C149,0402,80.76mm,12.97mm,T,180,0.1u
C150,0402,76.47mm,4.56mm,T,270,0.1u
C151,0402,79.64mm,3.92mm,T,180,47n
C152,0402,75.04mm,14.40mm,T,180,47n
C158,0402,181.56mm,23.29mm,T,270,0.1u
C159,0402,176.64mm,15.67mm,T,180,0.1u
C160,0402,182.36mm,12.97mm,T,180,0.1u
C161,0805,89.33mm,-19.57mm,T,180,10u
C166,0805,89.33mm,-17.83mm,T,180,10u
C167,0805,89.33mm,-14.18mm,T,180,10u
C178,0402-CAP,133.14mm,-65.77mm,T,180,0.1u
C179,0402-CAP,133.14mm,-67.20mm,T,180,0.1u
C180,0402-CAP,133.14mm,-62.12mm,T,180,0.1u
C182,0402-CAP,133.14mm,-63.55mm,T,180,0.1u
C183,0805,138.06mm,-5.76mm,T,180,10u
C184,0805,138.06mm,-9.25mm,T,360,10u
C185,0805,130.76mm,-6.08mm,T,360,10u
C186,0805,130.44mm,-10.68mm,T,180,10u
C187,0402-CAP,130.60mm,-4.65mm,T,360,0.1u
C188,0402-CAP,138.38mm,-4.33mm,T,180,0.1u
C189,0402-CAP,137.75mm,-10.68mm,T,360,0.1u
C190,0402-CAP,134.57mm,-6.24mm,T,270,1u
C191,0402-CAP,135.84mm,-6.24mm,T,-90,0.1u
C192,0402-CAP,130.13mm,-11.95mm,T,180,0.1u
C194,0805,137.27mm,-12.11mm,T,360,10u
C195,0805,125.05mm,-13.38mm,T,180,10u
C196,0402-CAP,139.97mm,-14.65mm,T,270,0.1u
C197,0402-CAP,125.36mm,-14.81mm,T,180,0.1u
C225,0402-CAP,151.72mm,-42.43mm,T,-90,0.1u
C238,LLL31,28.10mm,-92.66mm,T,180,CAPACITOR
C239,LLL31,17.95mm,-92.58mm,T,180,CAPACITOR
C252,0805,58.69mm,-12.11mm,T,360,10u
C253,0805,46.31mm,-13.38mm,T,180,10u
C254,0402-CAP,60.91mm,-14.65mm,T,270,0.1u
C255,0402-CAP,46.63mm,-14.81mm,T,180,0.1u
C259,0805,59.33mm,-5.76mm,T,180,10u
C260,0805,59.33mm,-8.94mm,T,360,10u
C261,0805,52.02mm,-6.08mm,T,360,10u
C262,0805,51.70mm,-10.68mm,T,180,10u
C263,0402-CAP,51.86mm,-4.65mm,T,360,0.1u
C264,0402-CAP,59.64mm,-4.33mm,T,180,0.1u
C265,0402-CAP,59.01mm,-10.37mm,T,360,0.1u
C266,0402-CAP,55.83mm,-6.24mm,T,270,1u
C267,0402-CAP,57.10mm,-6.24mm,T,-90,0.1u
C268,0402-CAP,51.39mm,-11.95mm,T,180,0.1u
C270,0402-CAP,89.96mm,-62.75mm,T,180,1n
C271,0402-CAP,73.45mm,-62.91mm,T,180,1n
C308,0402-CAP,69.33mm,-54.50mm,T,360,0.1u
C313,0402,178.07mm,4.56mm,T,270,0.1u
C314,0402,181.25mm,3.92mm,T,180,47n
C315,0402,176.64mm,14.40mm,T,180,47n
C321,0402,92.66mm,23.29mm,T,270,0.1u
C322,0402,87.74mm,15.67mm,T,180,0.1u
C323,0402,93.46mm,12.97mm,T,180,0.1u
C324,0402,89.17mm,4.56mm,T,270,0.1u
C325,0402,92.35mm,3.92mm,T,180,47n
C326,0402,87.74mm,14.40mm,T,180,47n
C343,0402,105.36mm,23.29mm,T,270,0.1u
C344,0402,100.44mm,15.67mm,T,180,0.1u
C345,0402,106.16mm,12.97mm,T,180,0.1u
C346,0402,101.87mm,4.56mm,T,270,0.1u
C347,0402,105.05mm,3.92mm,T,180,47n
C348,0402,100.44mm,14.40mm,T,180,47n
C354,0402,194.26mm,23.29mm,T,270,0.1u
C355,0402,189.34mm,15.67mm,T,180,0.1u
C356,0402,195.06mm,12.97mm,T,180,0.1u
C357,0402,190.77mm,4.56mm,T,270,0.1u
C358,0402,193.95mm,3.92mm,T,180,47n
C359,0402,189.34mm,14.40mm,T,180,47n
C365,0402,118.06mm,23.29mm,T,270,0.1u
C366,0402,113.14mm,15.67mm,T,180,0.1u
C367,0402,118.86mm,12.97mm,T,180,0.1u
C368,0402,114.57mm,4.56mm,T,270,0.1u
C369,0402,117.75mm,3.92mm,T,180,47n
C370,0402,113.14mm,14.40mm,T,180,47n
D3,SOD-323,0.59mm,47.10mm,T,-90,BAT20JFILM
D4,SOD-323,2.17mm,47.10mm,T,270,BAT20JFILM
D5,SOD-323,-2.59mm,40.91mm,T,-90,BAT20JFILM
D6,SOD-323,-1.00mm,69.17mm,T,270,BAT20JFILM
D7,SOD-323,-2.59mm,69.17mm,T,-90,BAT20JFILM
D8,SOD-323,5.98mm,69.96mm,T,270,BAT20JFILM
D9,SOD-323,4.40mm,69.96mm,T,-90,BAT20JFILM
D10,SMA-DIODE,3.29mm,63.29mm,T,180,TVSSMA
D11,SMA-DIODE,6.14mm,58.69mm,T,180,TVSSMA
D12,SOD-323,127.59mm,47.10mm,T,-90,BAT20JFILM
D13,SOD-323,129.18mm,47.10mm,T,270,BAT20JFILM
D14,SOD-323,124.41mm,40.91mm,T,-90,BAT20JFILM
D15,SOD-323,126.00mm,69.17mm,T,270,BAT20JFILM
D16,SOD-323,124.41mm,69.17mm,T,-90,BAT20JFILM
D17,SOD-323,132.99mm,69.96mm,T,270,BAT20JFILM
D18,SOD-323,131.40mm,69.96mm,T,-90,BAT20JFILM
D19,SMA-DIODE,130.29mm,63.29mm,T,180,TVSSMA
D20,SMA-DIODE,133.14mm,58.69mm,T,180,TVSSMA
D22,SOD-323,13.29mm,47.10mm,T,-90,BAT20JFILM
D23,SOD-323,14.88mm,47.10mm,T,270,BAT20JFILM
D24,SOD-323,10.11mm,40.91mm,T,-90,BAT20JFILM
D25,SOD-323,11.70mm,69.17mm,T,270,BAT20JFILM
D26,SOD-323,10.11mm,69.17mm,T,-90,BAT20JFILM
D27,SOD-323,18.69mm,69.96mm,T,270,BAT20JFILM
D28,SOD-323,17.10mm,69.96mm,T,-90,BAT20JFILM
D29,SMA-DIODE,15.99mm,63.29mm,T,180,TVSSMA
D30,SMA-DIODE,18.84mm,58.69mm,T,180,TVSSMA
D43,SOD-323,25.99mm,47.10mm,T,-90,BAT20JFILM
D44,SOD-323,27.58mm,47.10mm,T,270,BAT20JFILM
D45,SOD-323,22.81mm,40.91mm,T,-90,BAT20JFILM
D46,SOD-323,24.40mm,69.17mm,T,270,BAT20JFILM
D47,SOD-323,22.81mm,69.17mm,T,-90,BAT20JFILM
D51,SOD-323,31.39mm,69.96mm,T,270,BAT20JFILM
D52,SOD-323,29.80mm,69.96mm,T,-90,BAT20JFILM
D53,SMA-DIODE,28.69mm,63.29mm,T,180,TVSSMA
D54,SMA-DIODE,31.54mm,58.69mm,T,180,TVSSMA
D55,SOD-323,140.29mm,47.10mm,T,-90,BAT20JFILM
D56,SOD-323,141.88mm,47.10mm,T,270,BAT20JFILM
D57,SOD-323,137.11mm,40.91mm,T,-90,BAT20JFILM
D58,SOD-323,138.70mm,69.17mm,T,270,BAT20JFILM
D59,SOD-323,137.11mm,69.17mm,T,-90,BAT20JFILM
D60,SOD-323,145.69mm,69.96mm,T,270,BAT20JFILM
D61,SOD-323,144.10mm,69.96mm,T,-90,BAT20JFILM
D62,SMA-DIODE,142.99mm,63.29mm,T,180,TVSSMA
D63,SMA-DIODE,145.84mm,58.69mm,T,180,TVSSMA
D64,SOD-323,38.69mm,47.10mm,T,-90,BAT20JFILM
D65,SOD-323,40.27mm,47.10mm,T,270,BAT20JFILM
D66,SOD-323,35.51mm,40.91mm,T,-90,BAT20JFILM
D67,SOD-323,37.10mm,69.17mm,T,270,BAT20JFILM
D68,SOD-323,35.51mm,69.17mm,T,-90,BAT20JFILM
D69,SOD-323,44.08mm,69.96mm,T,270,BAT20JFILM
D70,SOD-323,42.50mm,69.96mm,T,-90,BAT20JFILM
D71,SMA-DIODE,41.39mm,63.29mm,T,180,TVSSMA
D72,SMA-DIODE,44.24mm,58.69mm,T,180,TVSSMA
D73,SOD-323,165.69mm,47.10mm,T,-90,BAT20JFILM
D74,SOD-323,167.28mm,47.10mm,T,270,BAT20JFILM
D75,SOD-323,162.51mm,40.91mm,T,-90,BAT20JFILM
D76,SOD-323,164.10mm,69.17mm,T,270,BAT20JFILM
D77,SOD-323,162.51mm,69.17mm,T,-90,BAT20JFILM
D78,SOD-323,171.09mm,69.96mm,T,270,BAT20JFILM
D79,SOD-323,169.50mm,69.96mm,T,-90,BAT20JFILM
D80,SMA-DIODE,168.39mm,63.29mm,T,180,TVSSMA
D81,SMA-DIODE,171.24mm,58.69mm,T,180,TVSSMA
D82,SOD-323,51.39mm,47.10mm,T,-90,BAT20JFILM
D83,SOD-323,52.98mm,47.10mm,T,270,BAT20JFILM
D84,SOD-323,48.21mm,40.91mm,T,-90,BAT20JFILM
D85,SOD-323,49.80mm,69.17mm,T,270,BAT20JFILM
D86,SOD-323,48.21mm,69.17mm,T,-90,BAT20JFILM
D87,SOD-323,56.79mm,69.96mm,T,270,BAT20JFILM
D88,SOD-323,55.20mm,69.96mm,T,-90,BAT20JFILM
D89,SMA-DIODE,54.09mm,63.29mm,T,180,TVSSMA
D90,SMA-DIODE,56.94mm,58.69mm,T,180,TVSSMA
D91,SOD-323,152.99mm,47.10mm,T,-90,BAT20JFILM
D92,SOD-323,154.58mm,47.10mm,T,270,BAT20JFILM
D93,SOD-323,149.81mm,40.91mm,T,-90,BAT20JFILM
D94,SOD-323,151.40mm,69.17mm,T,270,BAT20JFILM
D95,SOD-323,149.81mm,69.17mm,T,-90,BAT20JFILM
D96,SOD-323,158.39mm,69.96mm,T,270,BAT20JFILM
D97,SOD-323,156.80mm,69.96mm,T,-90,BAT20JFILM
D98,SMA-DIODE,155.69mm,63.29mm,T,180,TVSSMA
D99,SMA-DIODE,158.54mm,58.69mm,T,180,TVSSMA
D100,SOD-323,64.09mm,47.10mm,T,-90,BAT20JFILM
D101,SOD-323,65.67mm,47.10mm,T,270,BAT20JFILM
D102,SOD-323,60.91mm,40.91mm,T,-90,BAT20JFILM
D103,SOD-323,62.50mm,69.17mm,T,270,BAT20JFILM
D104,SOD-323,60.91mm,69.17mm,T,-90,BAT20JFILM
D105,SOD-323,69.48mm,69.96mm,T,270,BAT20JFILM
D106,SOD-323,67.90mm,69.96mm,T,-90,BAT20JFILM
D107,SMA-DIODE,66.79mm,63.29mm,T,180,TVSSMA
D108,SMA-DIODE,69.64mm,58.69mm,T,180,TVSSMA
D118,SOD-323,76.79mm,47.10mm,T,-90,BAT20JFILM
D119,SOD-323,78.38mm,47.10mm,T,270,BAT20JFILM
D120,SOD-323,73.61mm,40.91mm,T,-90,BAT20JFILM
D121,SOD-323,75.20mm,69.17mm,T,270,BAT20JFILM
D122,SOD-323,73.61mm,69.17mm,T,-90,BAT20JFILM
D123,SOD-323,82.19mm,69.96mm,T,270,BAT20JFILM
D124,SOD-323,80.60mm,69.96mm,T,-90,BAT20JFILM
D125,SMA-DIODE,79.49mm,63.29mm,T,180,TVSSMA
D126,SMA-DIODE,82.34mm,58.69mm,T,180,TVSSMA
D127,SOD-323,178.39mm,47.10mm,T,-90,BAT20JFILM
D128,SOD-323,179.98mm,47.10mm,T,270,BAT20JFILM
D129,SOD-323,175.21mm,40.91mm,T,-90,BAT20JFILM
D130,SOD-323,176.80mm,69.17mm,T,270,BAT20JFILM
D131,SOD-323,175.21mm,69.17mm,T,-90,BAT20JFILM
D132,SOD-323,183.79mm,69.96mm,T,270,BAT20JFILM
D133,SOD-323,182.20mm,69.96mm,T,-90,BAT20JFILM
D134,SMA-DIODE,181.09mm,63.29mm,T,180,TVSSMA
D135,SMA-DIODE,183.94mm,58.69mm,T,180,TVSSMA
D136,SOD-323,89.49mm,47.10mm,T,-90,BAT20JFILM
D137,SOD-323,91.08mm,47.10mm,T,270,BAT20JFILM
D138,SOD-323,86.31mm,40.91mm,T,-90,BAT20JFILM
D139,SOD-323,87.90mm,69.17mm,T,270,BAT20JFILM
D140,SOD-323,86.31mm,69.17mm,T,-90,BAT20JFILM
D141,SOD-323,94.89mm,69.96mm,T,270,BAT20JFILM
D142,SOD-323,93.30mm,69.96mm,T,-90,BAT20JFILM
D143,SMA-DIODE,92.19mm,63.29mm,T,180,TVSSMA
D144,SMA-DIODE,95.04mm,58.69mm,T,180,TVSSMA
D147,SOD-323,90.28mm,-11.80mm,T,-90,BAT20J
D148,SOD-323,76.40mm,-22.49mm,T,360,BAT20JFILM
D149,SOD-323,76.40mm,-24.18mm,T,180,BAT20JFILM
D150,SOD-323,72.69mm,-22.49mm,T,180,BAT20JFILM
D151,SOD-323,72.69mm,-24.18mm,T,360,BAT20JFILM
D159,SMA-DIODE,27.26mm,-87.36mm,T,360,TVSSMA
D160,SMA-DIODE,17.10mm,-87.36mm,T,360,TVSSMA
D163,SOD-323,114.03mm,-54.93mm,T,360,BAT20JFILM
D165,SOD-323,100.62mm,-54.68mm,T,360,BAT20JFILM
D167,SOD-323,7.00mm,-37.54mm,T,180,250mA/100V
D169,SOD-323,7.00mm,-67.26mm,T,180,250mA/100V
D182,SOD-323,102.19mm,47.10mm,T,-90,BAT20JFILM
D183,SOD-323,103.78mm,47.10mm,T,270,BAT20JFILM
D184,SOD-323,99.01mm,40.91mm,T,-90,BAT20JFILM
D185,SOD-323,100.60mm,69.17mm,T,270,BAT20JFILM
D186,SOD-323,99.01mm,69.17mm,T,-90,BAT20JFILM
D187,SOD-323,107.58mm,69.96mm,T,270,BAT20JFILM
D188,SOD-323,106.00mm,69.96mm,T,-90,BAT20JFILM
D189,SMA-DIODE,104.89mm,63.29mm,T,180,TVSSMA
D190,SMA-DIODE,107.74mm,58.69mm,T,180,TVSSMA
D191,SOD-323,191.09mm,47.10mm,T,-90,BAT20JFILM
D192,SOD-323,192.68mm,47.10mm,T,270,BAT20JFILM
D193,SOD-323,187.91mm,40.91mm,T,-90,BAT20JFILM
D194,SOD-323,189.50mm,69.17mm,T,270,BAT20JFILM
D195,SOD-323,187.91mm,69.17mm,T,-90,BAT20JFILM
D196,SOD-323,196.49mm,69.96mm,T,270,BAT20JFILM
D197,SOD-323,194.90mm,69.96mm,T,-90,BAT20JFILM
D198,SMA-DIODE,193.79mm,63.29mm,T,180,TVSSMA
D199,SMA-DIODE,196.64mm,58.69mm,T,180,TVSSMA
D200,SOD-323,114.89mm,47.10mm,T,-90,BAT20JFILM
D201,SOD-323,116.48mm,47.10mm,T,270,BAT20JFILM
D202,SOD-323,111.71mm,40.91mm,T,-90,BAT20JFILM
D203,SOD-323,113.30mm,69.17mm,T,270,BAT20JFILM
D204,SOD-323,111.71mm,69.17mm,T,-90,BAT20JFILM
D205,SOD-323,120.29mm,69.96mm,T,270,BAT20JFILM
D206,SOD-323,118.70mm,69.96mm,T,-90,BAT20JFILM
D207,SMA-DIODE,117.59mm,63.29mm,T,180,TVSSMA
D208,SMA-DIODE,120.44mm,58.69mm,T,180,TVSSMA
IC2,SO08,0.59mm,20.11mm,T,360,INA118U
IC3,SO08,0.75mm,9.80mm,T,360,INA118U
IC5,SO08,127.59mm,20.11mm,T,360,INA118U
IC6,SO08,127.75mm,9.80mm,T,360,INA118U
IC9,SO08,13.29mm,20.11mm,T,360,INA118U
IC10,SO08,13.45mm,9.80mm,T,360,INA118U
IC15,SO08,25.99mm,20.11mm,T,360,INA118U
IC16,SO08,26.15mm,9.80mm,T,360,INA118U
IC18,SO08,140.29mm,20.11mm,T,360,INA118U
IC19,SO08,140.45mm,9.80mm,T,360,INA118U
IC21,SO08,38.69mm,20.11mm,T,360,INA118U
IC22,SO08,38.85mm,9.80mm,T,360,INA118U
IC24,SO08,165.69mm,20.11mm,T,360,INA118U
IC25,SO08,165.85mm,9.80mm,T,360,INA118U
IC27,SO08,51.39mm,20.11mm,T,360,INA118U
IC28,SO08,51.55mm,9.80mm,T,360,INA118U
IC30,SO08,152.99mm,20.11mm,T,360,INA118U
IC31,SO08,153.15mm,9.80mm,T,360,INA118U
IC33,SO08,64.09mm,20.11mm,T,360,INA118U
IC34,SO08,64.25mm,9.80mm,T,360,INA118U
IC39,SO08,76.79mm,20.11mm,T,360,INA118U
IC42,SO08,76.95mm,9.80mm,T,360,INA118U
IC44,SO08,178.39mm,20.11mm,T,360,INA118U
IC45,SO08,178.55mm,9.80mm,T,360,INA118U
IC47,SO08,89.49mm,20.11mm,T,360,INA118U
IC48,SO08,89.65mm,9.80mm,T,360,INA118U
IC49,SO28L,132.83mm,-22.11mm,T,-90,MAX306CWI
IC51,SO28L,54.09mm,-22.11mm,T,-90,MAX306CWI
IC56,SO08,102.19mm,20.11mm,T,360,INA118U
IC57,SO08,102.35mm,9.80mm,T,360,INA118U
IC59,SO08,191.09mm,20.11mm,T,360,INA118U
IC60,SO08,191.25mm,9.80mm,T,360,INA118U
IC62,SO08,114.89mm,20.11mm,T,360,INA118U
IC63,SO08,115.05mm,9.80mm,T,360,INA118U
JP4,PAD-JUMPER-3-NC_BY_PASTE_YES_SILK_FULL_BOX,4.40mm,7.25mm,T,-90,JUMPER-PAD-3-NC_BY_PASTE
JP5,PAD-JUMPER-3-NC_BY_PASTE_YES_SILK_FULL_BOX,4.40mm,10.43mm,T,-90,JUMPER-PAD-3-NC_BY_PASTE
JP7,PAD-JUMPER-3-NC_BY_PASTE_YES_SILK_FULL_BOX,131.40mm,7.25mm,T,-90,JUMPER-PAD-3-NC_BY_PASTE
JP8,PAD-JUMPER-3-NC_BY_PASTE_YES_SILK_FULL_BOX,131.40mm,10.43mm,T,-90,JUMPER-PAD-3-NC_BY_PASTE
JP10,PAD-JUMPER-3-NC_BY_PASTE_YES_SILK_FULL_BOX,17.10mm,7.25mm,T,-90,JUMPER-PAD-3-NC_BY_PASTE
JP11,PAD-JUMPER-3-NC_BY_PASTE_YES_SILK_FULL_BOX,17.10mm,10.43mm,T,-90,JUMPER-PAD-3-NC_BY_PASTE
JP16,PAD-JUMPER-3-NC_BY_PASTE_YES_SILK_FULL_BOX,29.80mm,7.25mm,T,-90,JUMPER-PAD-3-NC_BY_PASTE
JP17,PAD-JUMPER-3-NC_BY_PASTE_YES_SILK_FULL_BOX,29.80mm,10.43mm,T,-90,JUMPER-PAD-3-NC_BY_PASTE
JP19,PAD-JUMPER-3-NC_BY_PASTE_YES_SILK_FULL_BOX,144.10mm,7.25mm,T,-90,JUMPER-PAD-3-NC_BY_PASTE
JP20,PAD-JUMPER-3-NC_BY_PASTE_YES_SILK_FULL_BOX,144.10mm,10.43mm,T,-90,JUMPER-PAD-3-NC_BY_PASTE
JP22,PAD-JUMPER-3-NC_BY_PASTE_YES_SILK_FULL_BOX,42.50mm,7.25mm,T,-90,JUMPER-PAD-3-NC_BY_PASTE
JP23,PAD-JUMPER-3-NC_BY_PASTE_YES_SILK_FULL_BOX,42.50mm,10.43mm,T,-90,JUMPER-PAD-3-NC_BY_PASTE
JP25,PAD-JUMPER-3-NC_BY_PASTE_YES_SILK_FULL_BOX,169.50mm,7.25mm,T,-90,JUMPER-PAD-3-NC_BY_PASTE
JP26,PAD-JUMPER-3-NC_BY_PASTE_YES_SILK_FULL_BOX,169.50mm,10.43mm,T,-90,JUMPER-PAD-3-NC_BY_PASTE
JP28,PAD-JUMPER-3-NC_BY_PASTE_YES_SILK_FULL_BOX,55.20mm,7.25mm,T,-90,JUMPER-PAD-3-NC_BY_PASTE
JP29,PAD-JUMPER-3-NC_BY_PASTE_YES_SILK_FULL_BOX,55.20mm,10.43mm,T,-90,JUMPER-PAD-3-NC_BY_PASTE
JP31,PAD-JUMPER-3-NC_BY_PASTE_YES_SILK_FULL_BOX,156.80mm,7.25mm,T,-90,JUMPER-PAD-3-NC_BY_PASTE
JP32,PAD-JUMPER-3-NC_BY_PASTE_YES_SILK_FULL_BOX,156.80mm,10.43mm,T,-90,JUMPER-PAD-3-NC_BY_PASTE
JP34,PAD-JUMPER-3-NC_BY_PASTE_YES_SILK_FULL_BOX,67.90mm,7.25mm,T,-90,JUMPER-PAD-3-NC_BY_PASTE
JP35,PAD-JUMPER-3-NC_BY_PASTE_YES_SILK_FULL_BOX,67.90mm,10.43mm,T,-90,JUMPER-PAD-3-NC_BY_PASTE
JP40,PAD-JUMPER-3-NC_BY_PASTE_YES_SILK_FULL_BOX,80.60mm,7.25mm,T,-90,JUMPER-PAD-3-NC_BY_PASTE
JP41,PAD-JUMPER-3-NC_BY_PASTE_YES_SILK_FULL_BOX,80.60mm,10.43mm,T,-90,JUMPER-PAD-3-NC_BY_PASTE
JP43,PAD-JUMPER-3-NC_BY_PASTE_YES_SILK_FULL_BOX,182.20mm,7.25mm,T,-90,JUMPER-PAD-3-NC_BY_PASTE
JP44,PAD-JUMPER-3-NC_BY_PASTE_YES_SILK_FULL_BOX,182.20mm,10.43mm,T,-90,JUMPER-PAD-3-NC_BY_PASTE
JP46,PAD-JUMPER-3-NC_BY_PASTE_YES_SILK_FULL_BOX,93.30mm,7.25mm,T,-90,JUMPER-PAD-3-NC_BY_PASTE
JP47,PAD-JUMPER-3-NC_BY_PASTE_YES_SILK_FULL_BOX,93.30mm,10.43mm,T,-90,JUMPER-PAD-3-NC_BY_PASTE
JP52,PAD-JUMPER-3-NC_BY_PASTE_YES_SILK_FULL_BOX,106.00mm,7.25mm,T,-90,JUMPER-PAD-3-NC_BY_PASTE
JP53,PAD-JUMPER-3-NC_BY_PASTE_YES_SILK_FULL_BOX,106.00mm,10.43mm,T,-90,JUMPER-PAD-3-NC_BY_PASTE
JP55,PAD-JUMPER-3-NC_BY_PASTE_YES_SILK_FULL_BOX,194.90mm,7.25mm,T,-90,JUMPER-PAD-3-NC_BY_PASTE
JP56,PAD-JUMPER-3-NC_BY_PASTE_YES_SILK_FULL_BOX,194.90mm,10.43mm,T,-90,JUMPER-PAD-3-NC_BY_PASTE
JP58,PAD-JUMPER-3-NC_BY_PASTE_YES_SILK_FULL_BOX,118.70mm,7.25mm,T,-90,JUMPER-PAD-3-NC_BY_PASTE
JP59,PAD-JUMPER-3-NC_BY_PASTE_YES_SILK_FULL_BOX,118.70mm,10.43mm,T,-90,JUMPER-PAD-3-NC_BY_PASTE
Q22,SOT23-3,176.48mm,-51.32mm,T,270,MOSFET-NCHANNELAO3404A
Q31,SOT23-3,120.32mm,-57.78mm,T,270,MOSFET-NCHANNELAO3404A
Q32,SOT23-3,103.28mm,-57.80mm,T,270,MOSFET-NCHANNELAO3404A
Q33,SOT23-3,10.81mm,-33.73mm,T,180,MOSFET-NCHANNELAO3404A
Q34,SOT23-3,10.81mm,-63.45mm,T,180,MOSFET-NCHANNELAO3404A
Q35,SOT23-3,144.42mm,-53.23mm,T,270,MOSFET-NCHANNELAO3404A
R1,0402-RES,-11.00mm,4.40mm,T,-90,470
R2,0402-RES,-11.00mm,-0.68mm,T,-90,470
R3,0402-RES,-11.00mm,-5.60mm,T,-90,470
R4,0402-RES,-11.00mm,-10.37mm,T,-90,470
R16,1206,-2.91mm,20.11mm,T,-90,125
R21,0402-RES,0.91mm,15.03mm,T,-90,47
R22,0402-RES,1.38mm,4.56mm,T,-90,47
R24,1206,-2.91mm,9.80mm,T,-90,125
R25,0402-RES,2.81mm,68.69mm,T,-90,250
R26,0402-RES,0.75mm,68.69mm,T,-90,250
R28,0805,-2.59mm,29.32mm,T,270,0
R33,1206,124.10mm,20.11mm,T,-90,125
R39,0402-RES,127.91mm,15.03mm,T,-90,47
R40,0402-RES,128.38mm,4.56mm,T,-90,47
R42,1206,124.10mm,9.80mm,T,-90,125
R43,0402-RES,129.81mm,68.69mm,T,-90,250
R44,0402-RES,127.75mm,68.69mm,T,-90,250
R46,0805,124.41mm,29.32mm,T,270,0
R51,1206,9.80mm,20.11mm,T,-90,125
R56,0402-RES,13.61mm,15.03mm,T,-90,47
R57,0402-RES,14.08mm,4.56mm,T,-90,47
R59,1206,9.80mm,9.80mm,T,-90,125
R60,0402-RES,15.51mm,68.69mm,T,-90,250
R61,0402-RES,13.45mm,68.69mm,T,-90,250
R63,0805,10.11mm,29.32mm,T,270,0
R87,1206,22.49mm,20.11mm,T,-90,125
R92,0402-RES,26.30mm,15.03mm,T,-90,47
R93,0402-RES,26.78mm,4.56mm,T,-90,47
R95,1206,22.49mm,9.80mm,T,-90,125
R96,0402-RES,28.21mm,68.69mm,T,-90,250
R97,0402-RES,26.15mm,68.69mm,T,-90,250
R99,0805,22.81mm,29.32mm,T,270,0
R104,1206,136.80mm,20.11mm,T,-90,125
R109,0402-RES,140.61mm,15.03mm,T,-90,47
R110,0402-RES,141.08mm,4.56mm,T,-90,47
R112,1206,136.80mm,9.80mm,T,-90,125
R113,0402-RES,142.51mm,68.69mm,T,-90,250
R114,0402-RES,140.45mm,68.69mm,T,-90,250
R116,0805,137.11mm,29.32mm,T,270,0
R121,1206,35.20mm,20.11mm,T,-90,125
R126,0402-RES,39.01mm,15.03mm,T,-90,47
R127,0402-RES,39.48mm,4.56mm,T,-90,47
R129,1206,35.20mm,9.80mm,T,-90,125
R130,0402-RES,40.91mm,68.69mm,T,-90,250
R131,0402-RES,38.85mm,68.69mm,T,-90,250
R133,0805,35.51mm,29.32mm,T,270,0
R138,1206,162.20mm,20.11mm,T,-90,125
R143,0402-RES,166.01mm,15.03mm,T,-90,47
R144,0402-RES,166.48mm,4.56mm,T,-90,47
R146,1206,162.20mm,9.80mm,T,-90,125
R147,0402-RES,167.91mm,68.69mm,T,-90,250
R148,0402-RES,165.85mm,68.69mm,T,-90,250
R150,0805,162.51mm,29.32mm,T,270,0
R155,1206,47.89mm,20.11mm,T,-90,125
R160,0402-RES,51.70mm,15.03mm,T,-90,47
R161,0402-RES,52.18mm,4.56mm,T,-90,47
R163,1206,47.89mm,9.80mm,T,-90,125
R164,0402-RES,53.61mm,68.69mm,T,-90,250
R165,0402-RES,51.55mm,68.69mm,T,-90,250
R167,0805,48.21mm,29.32mm,T,270,0
R172,1206,149.50mm,20.11mm,T,-90,125
R177,0402-RES,153.31mm,15.03mm,T,-90,47
R178,0402-RES,153.78mm,4.56mm,T,-90,47
R180,1206,149.50mm,9.80mm,T,-90,125
R181,0402-RES,155.21mm,68.69mm,T,-90,250
R182,0402-RES,153.15mm,68.69mm,T,-90,250
R184,0805,149.81mm,29.32mm,T,270,0
R189,1206,60.60mm,20.11mm,T,-90,125
R194,0402-RES,64.41mm,15.03mm,T,-90,47
R195,0402-RES,64.88mm,4.56mm,T,-90,47
R197,1206,60.60mm,9.80mm,T,-90,125
R198,0402-RES,66.31mm,68.69mm,T,-90,250
R199,0402-RES,64.25mm,68.69mm,T,-90,250
R201,0805,60.91mm,29.32mm,T,270,0
R223,1206,73.30mm,20.11mm,T,-90,125
R228,0402-RES,77.11mm,15.03mm,T,-90,47
R229,0402-RES,77.58mm,4.56mm,T,-90,47
R231,1206,73.30mm,9.80mm,T,-90,125
R232,0402-RES,79.01mm,68.69mm,T,-90,250
R233,0402-RES,76.95mm,68.69mm,T,-90,250
R235,0805,73.61mm,29.32mm,T,270,0
R240,1206,174.90mm,20.11mm,T,-90,125
R245,0402-RES,178.71mm,15.03mm,T,-90,47
R246,0402-RES,179.18mm,4.56mm,T,-90,47
R248,1206,174.90mm,9.80mm,T,-90,125
R249,0402-RES,180.61mm,68.69mm,T,-90,250
R250,0402-RES,178.55mm,68.69mm,T,-90,250
R252,0805,175.21mm,29.32mm,T,270,0
R264,0402-RES,89.65mm,-25.77mm,T,180,100k
R265,0402-RES,128.22mm,-61.96mm,T,270,10k
R266,0402-RES,128.22mm,-66.41mm,T,270,10k
R267,0402-RES,130.60mm,-66.41mm,T,180,15
R268,0402-RES,130.13mm,-63.07mm,T,180,15
R271,0402-RES,135.84mm,-9.10mm,T,270,10k
R272,0402-RES,133.78mm,-9.10mm,T,270,10k
R314,1206,86.00mm,20.11mm,T,-90,125
R317,0402-RES,58.69mm,-61.17mm,T,180,2k2
R318,0402-RES,58.69mm,-59.90mm,T,180,2k2
R330,0402-RES,57.10mm,-9.10mm,T,270,10k
R331,0402-RES,55.04mm,-9.10mm,T,270,10k
R343,0402-RES,87.27mm,-62.75mm,T,360,15
R344,0402-RES,120.51mm,-60.83mm,T,180,10k
R345,0402-RES,120.38mm,-62.36mm,T,180,100k
R347,0402-RES,70.91mm,-62.91mm,T,360,15
R348,0402-RES,103.35mm,-60.46mm,T,180,10k
R349,0402-RES,103.22mm,-61.73mm,T,180,100k
R371,0402-RES,83.93mm,-42.59mm,T,-90,2k2
R372,0402-RES,67.26mm,-42.75mm,T,-90,2k2
R373,0402-RES,87.42mm,-42.75mm,T,270,2k2
R374,0402-RES,72.03mm,-44.18mm,T,360,2k2
R375,0402-RES,70.12mm,-53.39mm,T,180,2k2
R376,0402-RES,58.53mm,-45.61mm,T,270,2k2
R377,0402-RES,73.14mm,-43.07mm,T,360,2k2
R382,0402-RES,89.81mm,15.03mm,T,-90,47
R383,0402-RES,90.28mm,4.56mm,T,-90,47
R385,1206,86.00mm,9.80mm,T,-90,125
R386,0402-RES,91.71mm,68.69mm,T,-90,250
R387,0402-RES,89.65mm,68.69mm,T,-90,250
R389,0805,86.31mm,29.32mm,T,270,0
R411,1206,98.70mm,20.11mm,T,-90,125
R416,0402-RES,102.51mm,15.03mm,T,-90,47
R417,0402-RES,102.98mm,4.56mm,T,-90,47
R419,1206,98.70mm,9.80mm,T,-90,125
R420,0402-RES,104.41mm,68.69mm,T,-90,250
R421,0402-RES,102.35mm,68.69mm,T,-90,250
R423,0805,99.01mm,29.32mm,T,270,0
R428,1206,187.60mm,20.11mm,T,-90,125
R433,0402-RES,191.41mm,15.03mm,T,-90,47
R434,0402-RES,191.88mm,4.56mm,T,-90,47
R436,1206,187.60mm,9.80mm,T,-90,125
R437,0402-RES,193.31mm,68.69mm,T,-90,250
R438,0402-RES,191.25mm,68.69mm,T,-90,250
R440,0805,187.91mm,29.32mm,T,270,0
R445,1206,111.39mm,20.11mm,T,-90,125
R450,0402-RES,115.20mm,15.03mm,T,-90,47
R451,0402-RES,115.68mm,4.56mm,T,-90,47
R453,1206,111.39mm,9.80mm,T,-90,125
R454,0402-RES,117.11mm,68.69mm,T,-90,250
R455,0402-RES,115.05mm,68.69mm,T,-90,250
R457,0805,111.71mm,29.32mm,T,270,0
TVS1,SOD-323,123.14mm,-67.83mm,T,360,
TVS2,SOD-323,134.57mm,-60.53mm,T,180,
TVS3,SOD-323,82.98mm,-63.39mm,T,360,
TVS4,SOD-323,67.10mm,-63.23mm,T,360,
U$15,PRTR5V0U2X,48.21mm,-77.04mm,T,180,PRTR5V0U2X
U$60,FIDUCIAL,-10.65mm,14.70mm,T,270,FIDUCIAL
U$62,FIDUCIAL,-12.18mm,-82.81mm,T,270,FIDUCIAL
U$63,FIDUCIAL,202.07mm,-81.59mm,T,270,FIDUCIAL
U$64,FIDUCIAL,203.10mm,67.95mm,T,270,FIDUCIAL
U33,SOP65P640X110-20N,74.57mm,-51.01mm,T,-90,PCA9545APW
U37,SOP65P640X120-14N,201.25mm,-20.21mm,T,270,SN74LVC125APW
